# Observed ORIGINAL DDS.EXE imports, not an original import-library provenance claim.
# Caller/member/format provenance: actual SHA-pinned VC5/DX SDK archives.
# Original DDS.EXE SHA256: 9b8105300b90931540a7e14372426747046c8423cec72dab8a2d6fe74a9b7a80
dll	dll_order	lookup_order	kind	lookup	hint_or_ordinal	caller	member	sdk_library	sdk_sha256
KERNEL32.dll	0	0	name	GetWindowsDirectoryA	337	_GetWindowsDirectoryA@8	KERNEL32.dll/	KERNEL32.LIB	095f231e13cb3e6a6c4913d33ca8048506011034c89774b6ba0857466abba3cf
KERNEL32.dll	0	1	name	GetProcAddress	278	_GetProcAddress@8	KERNEL32.dll/	KERNEL32.LIB	095f231e13cb3e6a6c4913d33ca8048506011034c89774b6ba0857466abba3cf
KERNEL32.dll	0	2	name	FindResourceA	137	_FindResourceA@12	KERNEL32.dll/	KERNEL32.LIB	095f231e13cb3e6a6c4913d33ca8048506011034c89774b6ba0857466abba3cf
KERNEL32.dll	0	3	name	LoadResource	405	_LoadResource@8	KERNEL32.dll/	KERNEL32.LIB	095f231e13cb3e6a6c4913d33ca8048506011034c89774b6ba0857466abba3cf
KERNEL32.dll	0	4	name	LockResource	419	_LockResource@4	KERNEL32.dll/	KERNEL32.LIB	095f231e13cb3e6a6c4913d33ca8048506011034c89774b6ba0857466abba3cf
KERNEL32.dll	0	5	name	GlobalUnlock	358	_GlobalUnlock@4	KERNEL32.dll/	KERNEL32.LIB	095f231e13cb3e6a6c4913d33ca8048506011034c89774b6ba0857466abba3cf
KERNEL32.dll	0	6	name	ReadFile	470	_ReadFile@20	KERNEL32.dll/	KERNEL32.LIB	095f231e13cb3e6a6c4913d33ca8048506011034c89774b6ba0857466abba3cf
KERNEL32.dll	0	7	name	CreateFileA	49	_CreateFileA@28	KERNEL32.dll/	KERNEL32.LIB	095f231e13cb3e6a6c4913d33ca8048506011034c89774b6ba0857466abba3cf
KERNEL32.dll	0	8	name	GetFileSize	237	_GetFileSize@8	KERNEL32.dll/	KERNEL32.LIB	095f231e13cb3e6a6c4913d33ca8048506011034c89774b6ba0857466abba3cf
KERNEL32.dll	0	9	name	GlobalLock	352	_GlobalLock@4	KERNEL32.dll/	KERNEL32.LIB	095f231e13cb3e6a6c4913d33ca8048506011034c89774b6ba0857466abba3cf
KERNEL32.dll	0	10	name	CloseHandle	24	_CloseHandle@4	KERNEL32.dll/	KERNEL32.LIB	095f231e13cb3e6a6c4913d33ca8048506011034c89774b6ba0857466abba3cf
KERNEL32.dll	0	11	name	GlobalAlloc	341	_GlobalAlloc@8	KERNEL32.dll/	KERNEL32.LIB	095f231e13cb3e6a6c4913d33ca8048506011034c89774b6ba0857466abba3cf
KERNEL32.dll	0	12	name	GlobalFree	348	_GlobalFree@4	KERNEL32.dll/	KERNEL32.LIB	095f231e13cb3e6a6c4913d33ca8048506011034c89774b6ba0857466abba3cf
KERNEL32.dll	0	13	name	GlobalHandle	351	_GlobalHandle@4	KERNEL32.dll/	KERNEL32.LIB	095f231e13cb3e6a6c4913d33ca8048506011034c89774b6ba0857466abba3cf
KERNEL32.dll	0	14	name	LoadLibraryA	400	_LoadLibraryA@4	KERNEL32.dll/	KERNEL32.LIB	095f231e13cb3e6a6c4913d33ca8048506011034c89774b6ba0857466abba3cf
KERNEL32.dll	0	15	name	FreeLibrary	152	_FreeLibrary@4	KERNEL32.dll/	KERNEL32.LIB	095f231e13cb3e6a6c4913d33ca8048506011034c89774b6ba0857466abba3cf
KERNEL32.dll	0	16	name	SetErrorMode	531	_SetErrorMode@4	KERNEL32.dll/	KERNEL32.LIB	095f231e13cb3e6a6c4913d33ca8048506011034c89774b6ba0857466abba3cf
KERNEL32.dll	0	17	name	GetOEMCP	265	_GetOEMCP@0	KERNEL32.dll/	KERNEL32.LIB	095f231e13cb3e6a6c4913d33ca8048506011034c89774b6ba0857466abba3cf
KERNEL32.dll	0	18	name	HeapReAlloc	369	_HeapReAlloc@16	KERNEL32.dll/	KERNEL32.LIB	095f231e13cb3e6a6c4913d33ca8048506011034c89774b6ba0857466abba3cf
KERNEL32.dll	0	19	name	UnhandledExceptionFilter	592	_UnhandledExceptionFilter@4	KERNEL32.dll/	KERNEL32.LIB	095f231e13cb3e6a6c4913d33ca8048506011034c89774b6ba0857466abba3cf
KERNEL32.dll	0	20	name	VirtualAlloc	603	_VirtualAlloc@16	KERNEL32.dll/	KERNEL32.LIB	095f231e13cb3e6a6c4913d33ca8048506011034c89774b6ba0857466abba3cf
KERNEL32.dll	0	21	name	WriteFile	635	_WriteFile@20	KERNEL32.dll/	KERNEL32.LIB	095f231e13cb3e6a6c4913d33ca8048506011034c89774b6ba0857466abba3cf
KERNEL32.dll	0	22	name	GetFileType	239	_GetFileType@4	KERNEL32.dll/	KERNEL32.LIB	095f231e13cb3e6a6c4913d33ca8048506011034c89774b6ba0857466abba3cf
KERNEL32.dll	0	23	name	GetStdHandle	298	_GetStdHandle@4	KERNEL32.dll/	KERNEL32.LIB	095f231e13cb3e6a6c4913d33ca8048506011034c89774b6ba0857466abba3cf
KERNEL32.dll	0	24	name	SetHandleCount	539	_SetHandleCount@4	KERNEL32.dll/	KERNEL32.LIB	095f231e13cb3e6a6c4913d33ca8048506011034c89774b6ba0857466abba3cf
KERNEL32.dll	0	25	name	SetFilePointer	537	_SetFilePointer@16	KERNEL32.dll/	KERNEL32.LIB	095f231e13cb3e6a6c4913d33ca8048506011034c89774b6ba0857466abba3cf
KERNEL32.dll	0	26	name	HeapFree	366	_HeapFree@12	KERNEL32.dll/	KERNEL32.LIB	095f231e13cb3e6a6c4913d33ca8048506011034c89774b6ba0857466abba3cf
KERNEL32.dll	0	27	name	GetLastError	244	_GetLastError@0	KERNEL32.dll/	KERNEL32.LIB	095f231e13cb3e6a6c4913d33ca8048506011034c89774b6ba0857466abba3cf
KERNEL32.dll	0	28	name	GetStringTypeW	302	_GetStringTypeW@16	KERNEL32.dll/	KERNEL32.LIB	095f231e13cb3e6a6c4913d33ca8048506011034c89774b6ba0857466abba3cf
KERNEL32.dll	0	29	name	GetStringTypeA	299	_GetStringTypeA@20	KERNEL32.dll/	KERNEL32.LIB	095f231e13cb3e6a6c4913d33ca8048506011034c89774b6ba0857466abba3cf
KERNEL32.dll	0	30	name	LCMapStringW	398	_LCMapStringW@24	KERNEL32.dll/	KERNEL32.LIB	095f231e13cb3e6a6c4913d33ca8048506011034c89774b6ba0857466abba3cf
KERNEL32.dll	0	31	name	LCMapStringA	397	_LCMapStringA@24	KERNEL32.dll/	KERNEL32.LIB	095f231e13cb3e6a6c4913d33ca8048506011034c89774b6ba0857466abba3cf
KERNEL32.dll	0	32	name	WideCharToMultiByte	622	_WideCharToMultiByte@32	KERNEL32.dll/	KERNEL32.LIB	095f231e13cb3e6a6c4913d33ca8048506011034c89774b6ba0857466abba3cf
KERNEL32.dll	0	33	name	MultiByteToWideChar	427	_MultiByteToWideChar@24	KERNEL32.dll/	KERNEL32.LIB	095f231e13cb3e6a6c4913d33ca8048506011034c89774b6ba0857466abba3cf
KERNEL32.dll	0	34	name	GetVersion	332	_GetVersion@0	KERNEL32.dll/	KERNEL32.LIB	095f231e13cb3e6a6c4913d33ca8048506011034c89774b6ba0857466abba3cf
KERNEL32.dll	0	35	name	GetCommandLineA	170	_GetCommandLineA@0	KERNEL32.dll/	KERNEL32.LIB	095f231e13cb3e6a6c4913d33ca8048506011034c89774b6ba0857466abba3cf
KERNEL32.dll	0	36	name	IsBadCodePtr	384	_IsBadCodePtr@4	KERNEL32.dll/	KERNEL32.LIB	095f231e13cb3e6a6c4913d33ca8048506011034c89774b6ba0857466abba3cf
KERNEL32.dll	0	37	name	SetEndOfFile	528	_SetEndOfFile@4	KERNEL32.dll/	KERNEL32.LIB	095f231e13cb3e6a6c4913d33ca8048506011034c89774b6ba0857466abba3cf
KERNEL32.dll	0	38	name	OutputDebugStringA	442	_OutputDebugStringA@4	KERNEL32.dll/	KERNEL32.LIB	095f231e13cb3e6a6c4913d33ca8048506011034c89774b6ba0857466abba3cf
KERNEL32.dll	0	39	name	IsBadWritePtr	390	_IsBadWritePtr@8	KERNEL32.dll/	KERNEL32.LIB	095f231e13cb3e6a6c4913d33ca8048506011034c89774b6ba0857466abba3cf
KERNEL32.dll	0	40	name	IsBadReadPtr	387	_IsBadReadPtr@8	KERNEL32.dll/	KERNEL32.LIB	095f231e13cb3e6a6c4913d33ca8048506011034c89774b6ba0857466abba3cf
KERNEL32.dll	0	41	name	SetUnhandledExceptionFilter	566	_SetUnhandledExceptionFilter@4	KERNEL32.dll/	KERNEL32.LIB	095f231e13cb3e6a6c4913d33ca8048506011034c89774b6ba0857466abba3cf
KERNEL32.dll	0	42	name	SetStdHandle	553	_SetStdHandle@8	KERNEL32.dll/	KERNEL32.LIB	095f231e13cb3e6a6c4913d33ca8048506011034c89774b6ba0857466abba3cf
KERNEL32.dll	0	43	name	FlushFileBuffers	142	_FlushFileBuffers@4	KERNEL32.dll/	KERNEL32.LIB	095f231e13cb3e6a6c4913d33ca8048506011034c89774b6ba0857466abba3cf
KERNEL32.dll	0	44	name	GetEnvironmentStringsW	227	_GetEnvironmentStringsW@0	KERNEL32.dll/	KERNEL32.LIB	095f231e13cb3e6a6c4913d33ca8048506011034c89774b6ba0857466abba3cf
KERNEL32.dll	0	45	name	GetEnvironmentStrings	225	_GetEnvironmentStrings@0	KERNEL32.dll/	KERNEL32.LIB	095f231e13cb3e6a6c4913d33ca8048506011034c89774b6ba0857466abba3cf
KERNEL32.dll	0	46	name	FreeEnvironmentStringsW	151	_FreeEnvironmentStringsW@4	KERNEL32.dll/	KERNEL32.LIB	095f231e13cb3e6a6c4913d33ca8048506011034c89774b6ba0857466abba3cf
KERNEL32.dll	0	47	name	FreeEnvironmentStringsA	150	_FreeEnvironmentStringsA@4	KERNEL32.dll/	KERNEL32.LIB	095f231e13cb3e6a6c4913d33ca8048506011034c89774b6ba0857466abba3cf
KERNEL32.dll	0	48	name	GetModuleFileNameA	252	_GetModuleFileNameA@12	KERNEL32.dll/	KERNEL32.LIB	095f231e13cb3e6a6c4913d33ca8048506011034c89774b6ba0857466abba3cf
KERNEL32.dll	0	49	name	GetModuleHandleA	254	_GetModuleHandleA@4	KERNEL32.dll/	KERNEL32.LIB	095f231e13cb3e6a6c4913d33ca8048506011034c89774b6ba0857466abba3cf
KERNEL32.dll	0	50	name	GetStartupInfoA	296	_GetStartupInfoA@4	KERNEL32.dll/	KERNEL32.LIB	095f231e13cb3e6a6c4913d33ca8048506011034c89774b6ba0857466abba3cf
KERNEL32.dll	0	51	name	VirtualFree	606	_VirtualFree@12	KERNEL32.dll/	KERNEL32.LIB	095f231e13cb3e6a6c4913d33ca8048506011034c89774b6ba0857466abba3cf
KERNEL32.dll	0	52	name	HeapCreate	362	_HeapCreate@12	KERNEL32.dll/	KERNEL32.LIB	095f231e13cb3e6a6c4913d33ca8048506011034c89774b6ba0857466abba3cf
KERNEL32.dll	0	53	name	HeapDestroy	364	_HeapDestroy@4	KERNEL32.dll/	KERNEL32.LIB	095f231e13cb3e6a6c4913d33ca8048506011034c89774b6ba0857466abba3cf
KERNEL32.dll	0	54	name	HeapSize	370	_HeapSize@12	KERNEL32.dll/	KERNEL32.LIB	095f231e13cb3e6a6c4913d33ca8048506011034c89774b6ba0857466abba3cf
KERNEL32.dll	0	55	name	GetCPInfo	163	_GetCPInfo@8	KERNEL32.dll/	KERNEL32.LIB	095f231e13cb3e6a6c4913d33ca8048506011034c89774b6ba0857466abba3cf
KERNEL32.dll	0	56	name	GetACP	157	_GetACP@0	KERNEL32.dll/	KERNEL32.LIB	095f231e13cb3e6a6c4913d33ca8048506011034c89774b6ba0857466abba3cf
KERNEL32.dll	0	57	name	TerminateProcess	582	_TerminateProcess@8	KERNEL32.dll/	KERNEL32.LIB	095f231e13cb3e6a6c4913d33ca8048506011034c89774b6ba0857466abba3cf
KERNEL32.dll	0	58	name	HeapAlloc	360	_HeapAlloc@12	KERNEL32.dll/	KERNEL32.LIB	095f231e13cb3e6a6c4913d33ca8048506011034c89774b6ba0857466abba3cf
KERNEL32.dll	0	59	name	RtlUnwind	485	_RtlUnwind@16	KERNEL32.dll/	KERNEL32.LIB	095f231e13cb3e6a6c4913d33ca8048506011034c89774b6ba0857466abba3cf
KERNEL32.dll	0	60	name	ExitProcess	107	_ExitProcess@4	KERNEL32.dll/	KERNEL32.LIB	095f231e13cb3e6a6c4913d33ca8048506011034c89774b6ba0857466abba3cf
KERNEL32.dll	0	61	name	GetCurrentProcess	211	_GetCurrentProcess@0	KERNEL32.dll/	KERNEL32.LIB	095f231e13cb3e6a6c4913d33ca8048506011034c89774b6ba0857466abba3cf
USER32.dll	1	0	name	PeekMessageA	437	_PeekMessageA@20	USER32.dll/	USER32.LIB	5badb752dbcd6355a666d5b88aa9fd5e27291c16edc76f1b5258468d994f1809
USER32.dll	1	1	name	GetAsyncKeyState	215	_GetAsyncKeyState@4	USER32.dll/	USER32.LIB	5badb752dbcd6355a666d5b88aa9fd5e27291c16edc76f1b5258468d994f1809
USER32.dll	1	2	name	ClipCursor	55	_ClipCursor@4	USER32.dll/	USER32.LIB	5badb752dbcd6355a666d5b88aa9fd5e27291c16edc76f1b5258468d994f1809
USER32.dll	1	3	name	GetWindowRect	317	_GetWindowRect@8	USER32.dll/	USER32.LIB	5badb752dbcd6355a666d5b88aa9fd5e27291c16edc76f1b5258468d994f1809
USER32.dll	1	4	name	GetDesktopWindow	240	_GetDesktopWindow@0	USER32.dll/	USER32.LIB	5badb752dbcd6355a666d5b88aa9fd5e27291c16edc76f1b5258468d994f1809
USER32.dll	1	5	name	GetClipCursor	229	_GetClipCursor@4	USER32.dll/	USER32.LIB	5badb752dbcd6355a666d5b88aa9fd5e27291c16edc76f1b5258468d994f1809
USER32.dll	1	6	name	GetCursorPos	237	_GetCursorPos@4	USER32.dll/	USER32.LIB	5badb752dbcd6355a666d5b88aa9fd5e27291c16edc76f1b5258468d994f1809
USER32.dll	1	7	name	SetCursor	500	_SetCursor@4	USER32.dll/	USER32.LIB	5badb752dbcd6355a666d5b88aa9fd5e27291c16edc76f1b5258468d994f1809
USER32.dll	1	8	name	DestroyWindow	138	_DestroyWindow@4	USER32.dll/	USER32.LIB	5badb752dbcd6355a666d5b88aa9fd5e27291c16edc76f1b5258468d994f1809
USER32.dll	1	9	name	MessageBoxA	411	_MessageBoxA@16	USER32.dll/	USER32.LIB	5badb752dbcd6355a666d5b88aa9fd5e27291c16edc76f1b5258468d994f1809
USER32.dll	1	10	name	DefWindowProcA	128	_DefWindowProcA@16	USER32.dll/	USER32.LIB	5badb752dbcd6355a666d5b88aa9fd5e27291c16edc76f1b5258468d994f1809
USER32.dll	1	11	name	PostQuitMessage	441	_PostQuitMessage@4	USER32.dll/	USER32.LIB	5badb752dbcd6355a666d5b88aa9fd5e27291c16edc76f1b5258468d994f1809
USER32.dll	1	12	name	CreateWindowExA	85	_CreateWindowExA@48	USER32.dll/	USER32.LIB	5badb752dbcd6355a666d5b88aa9fd5e27291c16edc76f1b5258468d994f1809
USER32.dll	1	13	name	RegisterClassA	452	_RegisterClassA@4	USER32.dll/	USER32.LIB	5badb752dbcd6355a666d5b88aa9fd5e27291c16edc76f1b5258468d994f1809
USER32.dll	1	14	name	LoadIconA	380	_LoadIconA@8	USER32.dll/	USER32.LIB	5badb752dbcd6355a666d5b88aa9fd5e27291c16edc76f1b5258468d994f1809
USER32.dll	1	15	name	DispatchMessageA	144	_DispatchMessageA@4	USER32.dll/	USER32.LIB	5badb752dbcd6355a666d5b88aa9fd5e27291c16edc76f1b5258468d994f1809
USER32.dll	1	16	name	TranslateMessage	589	_TranslateMessage@4	USER32.dll/	USER32.LIB	5badb752dbcd6355a666d5b88aa9fd5e27291c16edc76f1b5258468d994f1809
USER32.dll	1	17	name	FindWindowA	205	_FindWindowA@8	USER32.dll/	USER32.LIB	5badb752dbcd6355a666d5b88aa9fd5e27291c16edc76f1b5258468d994f1809
GDI32.dll	2	0	name	SetTextColor	379	_SetTextColor@8	GDI32.dll/	GDI32.LIB	3c202569b76ec990be85393d484261fdb9b67614b35d7abd169eecf845d070f8
GDI32.dll	2	1	name	GetGlyphOutlineA	220	_GetGlyphOutlineA@28	GDI32.dll/	GDI32.LIB	3c202569b76ec990be85393d484261fdb9b67614b35d7abd169eecf845d070f8
GDI32.dll	2	2	name	StretchDIBits	392	_StretchDIBits@52	GDI32.dll/	GDI32.LIB	3c202569b76ec990be85393d484261fdb9b67614b35d7abd169eecf845d070f8
GDI32.dll	2	3	name	GetStockObject	256	_GetStockObject@4	GDI32.dll/	GDI32.LIB	3c202569b76ec990be85393d484261fdb9b67614b35d7abd169eecf845d070f8
GDI32.dll	2	4	name	CreateFontA	43	_CreateFontA@56	GDI32.dll/	GDI32.LIB	3c202569b76ec990be85393d484261fdb9b67614b35d7abd169eecf845d070f8
GDI32.dll	2	5	name	DeleteObject	70	_DeleteObject@4	GDI32.dll/	GDI32.LIB	3c202569b76ec990be85393d484261fdb9b67614b35d7abd169eecf845d070f8
GDI32.dll	2	6	name	SelectObject	339	_SelectObject@8	GDI32.dll/	GDI32.LIB	3c202569b76ec990be85393d484261fdb9b67614b35d7abd169eecf845d070f8
GDI32.dll	2	7	name	StretchBlt	391	_StretchBlt@44	GDI32.dll/	GDI32.LIB	3c202569b76ec990be85393d484261fdb9b67614b35d7abd169eecf845d070f8
GDI32.dll	2	8	name	SetStretchBltMode	375	_SetStretchBltMode@8	GDI32.dll/	GDI32.LIB	3c202569b76ec990be85393d484261fdb9b67614b35d7abd169eecf845d070f8
GDI32.dll	2	9	name	SetBkColor	345	_SetBkColor@8	GDI32.dll/	GDI32.LIB	3c202569b76ec990be85393d484261fdb9b67614b35d7abd169eecf845d070f8
GDI32.dll	2	10	name	TextOutA	396	_TextOutA@20	GDI32.dll/	GDI32.LIB	3c202569b76ec990be85393d484261fdb9b67614b35d7abd169eecf845d070f8
ADVAPI32.dll	3	0	name	RegCloseKey	279	_RegCloseKey@4	ADVAPI32.dll/	ADVAPI32.LIB	2d7da3304b3f0b21fd5a3ddcec1aa91c7d64b270087793eb8e1dfd5be21e6ae5
ADVAPI32.dll	3	1	name	RegQueryValueExA	310	_RegQueryValueExA@24	ADVAPI32.dll/	ADVAPI32.LIB	2d7da3304b3f0b21fd5a3ddcec1aa91c7d64b270087793eb8e1dfd5be21e6ae5
ADVAPI32.dll	3	2	name	RegOpenKeyExA	302	_RegOpenKeyExA@20	ADVAPI32.dll/	ADVAPI32.LIB	2d7da3304b3f0b21fd5a3ddcec1aa91c7d64b270087793eb8e1dfd5be21e6ae5
DDRAW.dll	4	0	name	DirectDrawCreate	7	_DirectDrawCreate@12	DDRAW.dll/	ddraw.lib	09632af2299d3d7ea44c86cea9ca267671488d87abeaecd7c8d99ac0ac71c7d1
DSOUND.dll	5	0	ordinal		1	_DirectSoundCreate@12	DSOUND.dll/	dsound.lib	a1480afd1857da878317bde91b306bc3f6d494ab12a84aecd869e2d6a6e3ae97
DINPUT.dll	6	0	name	DirectInputCreateA	0	_DirectInputCreateA@16	DINPUT.dll/	dinput.lib	4164d8a8f4f866d0826f24a2a1a80819836c08e5a5b1fa07614c286f2285d211
WINMM.dll	7	0	name	mmioDescend	124	_mmioDescend@16	WINMM.dll/	WINMM.LIB	a996cf8e569b6f2dd0a478119a57c325733af545ffee2e6c6fa7dba40bfba260
WINMM.dll	7	1	name	mmioOpenA	129	_mmioOpenA@12	WINMM.dll/	WINMM.LIB	a996cf8e569b6f2dd0a478119a57c325733af545ffee2e6c6fa7dba40bfba260
WINMM.dll	7	2	name	midiStreamRestart	98	_midiStreamRestart@4	WINMM.dll/	WINMM.LIB	a996cf8e569b6f2dd0a478119a57c325733af545ffee2e6c6fa7dba40bfba260
WINMM.dll	7	3	name	midiOutShortMsg	90	_midiOutShortMsg@8	WINMM.dll/	WINMM.LIB	a996cf8e569b6f2dd0a478119a57c325733af545ffee2e6c6fa7dba40bfba260
WINMM.dll	7	4	name	midiOutPrepareHeader	87	_midiOutPrepareHeader@12	WINMM.dll/	WINMM.LIB	a996cf8e569b6f2dd0a478119a57c325733af545ffee2e6c6fa7dba40bfba260
WINMM.dll	7	5	name	midiStreamOut	94	_midiStreamOut@12	WINMM.dll/	WINMM.LIB	a996cf8e569b6f2dd0a478119a57c325733af545ffee2e6c6fa7dba40bfba260
WINMM.dll	7	6	name	midiStreamOpen	93	_midiStreamOpen@24	WINMM.dll/	WINMM.LIB	a996cf8e569b6f2dd0a478119a57c325733af545ffee2e6c6fa7dba40bfba260
WINMM.dll	7	7	name	midiStreamProperty	97	_midiStreamProperty@12	WINMM.dll/	WINMM.LIB	a996cf8e569b6f2dd0a478119a57c325733af545ffee2e6c6fa7dba40bfba260
WINMM.dll	7	8	name	mmioAscend	121	_mmioAscend@12	WINMM.dll/	WINMM.LIB	a996cf8e569b6f2dd0a478119a57c325733af545ffee2e6c6fa7dba40bfba260
WINMM.dll	7	9	name	mmioRead	131	_mmioRead@12	WINMM.dll/	WINMM.LIB	a996cf8e569b6f2dd0a478119a57c325733af545ffee2e6c6fa7dba40bfba260
WINMM.dll	7	10	name	midiStreamStop	99	_midiStreamStop@4	WINMM.dll/	WINMM.LIB	a996cf8e569b6f2dd0a478119a57c325733af545ffee2e6c6fa7dba40bfba260
WINMM.dll	7	11	name	midiOutReset	88	_midiOutReset@4	WINMM.dll/	WINMM.LIB	a996cf8e569b6f2dd0a478119a57c325733af545ffee2e6c6fa7dba40bfba260
WINMM.dll	7	12	name	midiOutUnprepareHeader	91	_midiOutUnprepareHeader@12	WINMM.dll/	WINMM.LIB	a996cf8e569b6f2dd0a478119a57c325733af545ffee2e6c6fa7dba40bfba260
WINMM.dll	7	13	name	midiStreamClose	92	_midiStreamClose@4	WINMM.dll/	WINMM.LIB	a996cf8e569b6f2dd0a478119a57c325733af545ffee2e6c6fa7dba40bfba260
WINMM.dll	7	14	name	timeGetTime	151	_timeGetTime@0	WINMM.dll/	WINMM.LIB	a996cf8e569b6f2dd0a478119a57c325733af545ffee2e6c6fa7dba40bfba260
WINMM.dll	7	15	name	joyGetDevCapsA	26	_joyGetDevCapsA@12	WINMM.dll/	WINMM.LIB	a996cf8e569b6f2dd0a478119a57c325733af545ffee2e6c6fa7dba40bfba260
WINMM.dll	7	16	name	joyGetNumDevs	28	_joyGetNumDevs@0	WINMM.dll/	WINMM.LIB	a996cf8e569b6f2dd0a478119a57c325733af545ffee2e6c6fa7dba40bfba260
WINMM.dll	7	17	name	joyGetPosEx	30	_joyGetPosEx@8	WINMM.dll/	WINMM.LIB	a996cf8e569b6f2dd0a478119a57c325733af545ffee2e6c6fa7dba40bfba260
