rva	function	rule	deviation	note
0x045230	SwapMiddleNibbles	no fake code (unused include)	src/Util/nibble.c includes <stdio.h> for no declaration it uses; the include sets the cl TU state that makes it exact (<string.h> breaks it)	revisit when nibble.c gains its real neighbours
0x045260	SwapLowNibbles	no fake code (unused include)	same <stdio.h> TU-state include as SwapMiddleNibbles (<Win32.h> breaks it)	revisit with the nibble TU neighbours
0x00f1e0	RollEncounterSlot	declarations live in the owner header (no scattered prototypes)	src/Game/fieldobj.c declares callees locally instead of including their owner headers: GetGameState/ClearSelectedHotspot/GetFieldMarker (StateStack.h/Hotspot.h/Field.h) at the top; ConditionKindApplies, IsSkillIdBlocked (SkillUse.h), TickActionWait, StartActorScene and g_objectSkill before UseObjectSkill; HasTurnElapsed (FieldMap.h), AgeConditions/RecoverConditions (ConditionAge.h), AlertActor (Actor.h), the six Script.h script-context calls and ChooseObjectTarget (FieldObject.h) before RunObjectStep; FindPartyPositionOfId/BeginPartyTargetSkill before ChooseObjectTarget. Including any of those headers at the top drops RollEncounterSlot to 67.45 and/or RelativeFacing to 79.67 (TU declaration state)	revisit when fieldobj.c neighbours land; see docs/patterns/tu-state-probe-family-decides-reachability.md
0x0526c0	IsTextPlaneAttrSaved	one type, one declaration	include/Text/TextPlaneAttr.h declares it returning i16 while src/Text/font.c defines it returning i32: retail's definition sign-extends into eax and its windowcolor caller tests only ax, so the original sources themselves disagreed	keep both; this is evidence of the original header, not a modelling slip
0x0529b0	GetTextPlaneCursorX	one type, one declaration	include/Text/TextPlaneAttr.h declares it returning i16 while src/Text/font.c defines it returning i32: retail OpGetWindowCursor (0x3aeb0) sign-extends only ax of the result	same original-header evidence as IsTextPlaneAttrSaved
0x0529d0	GetTextPlaneCursorY	one type, one declaration	declared i16 in include/Text/TextPlaneAttr.h, defined i32 in src/Text/font.c: OpGetWindowCursor sign-extends only ax	same original-header evidence as IsTextPlaneAttrSaved
0x053390	GetTextPlaneHeaderRows	one type, one declaration	declared i16 in include/Text/TextPlaneAttr.h, defined i32 in src/Text/font.c: OpGetWindowScrollTop (0x3adc0) sign-extends only ax	same original-header evidence as IsTextPlaneAttrSaved
0x052cb0	GetTextPlaneIndent	one type, one declaration	declared i16 in include/Text/TextPlaneAttr.h, defined i32 in src/Text/font.c: OpGetWindowIndent (0x3ae10) sign-extends only ax	same original-header evidence as IsTextPlaneAttrSaved
0x052ab0	GetTextPlaneLineStep	one type, one declaration	declared i16 in include/Text/TextPlaneAttr.h, defined i32 in src/Text/font.c: OpGetWindowScrollStep (0x3ae60) sign-extends only ax	same original-header evidence as IsTextPlaneAttrSaved
0x024f40	SumEquippedMagicDefenseBonus	one type, one declaration	include/Game/EquipMagicDefense.h declares it returning i32 while src/Game/itemrecord.c defines it returning i16: retail's definition returns the sum in ax (mov ax,si) and its RecalcDerivedStats caller (0x3d8e1) pushes eax to CalcMagicDefenseStat's 32-bit amount with no movsx, so the original caller saw an int-returning declaration	keep both; evidence of the original header, like IsTextPlaneAttrSaved
0x010470	InitObjectFromRecord	no C-style casts / layout views	src/Game/fieldobj.c passes (Character*)&object->kind through RecalcObjectStats to RecalcDerivedStats; FieldObject contains the Character prefix but is not a complete Character	replace with the shared typed prefix struct once whole-object evidence justifies it
0x017b40	ShowBackground	declarations live in the owner header (no scattered prototypes)	include/Gfx/Background.h declares the unclaimed loader LoadImageRequest (0x31f0) with a forward struct ImageRequest instead of beside LoadImageFile in Game/FieldSight.h: one more declaration there drops fieldobj RelativeFacing to 79.67 (TU declaration state)	move it when the loader's TU is claimed
0x041a70	SetStatusMenuItemsDisabled	data-access width gate (declared width = retail access width)	src/Game/statuspanel.c s_switchedItems (0x464988, i16[], -1 terminated) is read at element 0 with cl 5.0's full-width mov eax,[0x464988] feeding only 16-bit compares (cmp ax,0xffff), exactly like s_listedConditions; the function is 100% with the i16 table	needs ("width", 0x064988) in giten.verify.data_access ACCEPTED_MISMODELS (scripts/ is outside lane 2)
0x01f620	LoadNpcPalette	one type, one declaration	include/Game/AreaNpc.h declares GrbToRgb(u16) while src/Gfx/vram.c defines GrbToRgb(u32): retail LoadNpcPalette pushes the palette word unextended (mov ax,[esi]; push eax), so the declaration its TU saw took a 16-bit word	keep both; same original-header evidence as IsTextPlaneAttrSaved
0x0031f0	LoadImageRequest	one function, one owner header	include/Gfx/Background.h declares vram's LoadImageRequest instead of include/Gfx/Vram.h: its callers areanpc.c and scenecell.c, and areanpc.c cannot include Vram.h, whose GrbToRgb(u32) conflicts with AreaNpc.h's GrbToRgb(u16) (the 0x01f620 exception)	move to Vram.h once the GrbToRgb split is resolved
0x022a20	RunPanelInput	no redundant code	src/Ui/panel.c explicitly assigns -1 when PollPanel returns -1; this preserves retail's conditional full-register sentinel write	100% with this spelling; a separate no-selection return duplicates the cleanup call and loses the match; recover the original result-normalization boundary from the panel callers
0x02f1c0	OpCreateScriptMenu	no C-style casts	src/Script/scripttext.c converts the script tag to void* for the existing heterogeneous SetMenuItems API and the menu pointer to u32 for the VM long-variable store	language-forced C conversions at the two VM value boundaries; the complete function matches 100%
0x032d30	StepScriptActor	no C-style casts / layout views	src/Script/scriptactor.c converts the script context's Character pointer to the existing FieldActor view for its map position and direction	complete body matches 100%; replace the shared Character/FieldActor seam when the typed actor prefix is recovered
0x032d80	OpStoreActorDistance	no C-style casts / layout views	src/Script/scriptactor.c converts the script context's Character pointer to the existing FieldActor view for its map position	complete body matches 100%; replace the shared Character/FieldActor seam when the typed actor prefix is recovered
0x033490	OpSetActorAlert	no C-style casts	src/Script/scriptactor.c converts fieldMarkValue to u16 for the retail unsigned clamps	complete body matches 100%; the shared signed action-wait field is interpreted as unsigned by this opcode
0x033510	OpJumpUnlessPlayerInLine	no C-style casts / layout views	src/Script/scriptactor.c converts the script context's Character pointer to the existing FieldActor view for position and direction	complete body matches 100%; replace the shared Character/FieldActor seam when the typed actor prefix is recovered
0x032dc0	PlaceScriptActor	no C-style casts / layout views	src/Script/scriptactor.c reads actor position and direction through the existing FieldActor view while retaining Character identity access	complete body matches 100%; replace the shared Character/FieldActor seam when the typed actor prefix is recovered
0x003440	AllocatePool	no C-style casts	src/Mem/pool.c casts the pool pointer to i32 for HandleWritePtr after ResetPool and direct member stores use the same argument as a pointer	complete body matches 100%; the unused retail pool API mixes pointer and handle representations; removing the explicit conversion prevents label extraction
0x048b80	MapEffectSoundId	unnamed domain compares	src/Platform/d3dapp.cpp retains 15 numeric comparisons in the effect-script sound-ID translation; admitted in the board text baseline	complete body matches 100%; the numeric mapping is proven but the sound identities are not; replace comparisons with named domain members only after identifying the sounds
0x01e350	DrawAutomapCellIcon	data-access stride inference	s_mapIcons has three-byte records; retail indexes eax + eax*2, while the access catalog reports only the SIB scale 2	28 records decoded through the terminal code 255; code, marker and detail bytes accessed by the exact function; narrow data-access allowance at 0x068b30
0x038b90	ResolveScriptObjectCoord	no C-style casts / layout views	src/Script/scriptctx.c reads the script actor map coordinates through the existing FieldActor view	complete body matches 100%; replace the shared Character/FieldActor seam when the typed actor prefix is recovered
0x03ba30	OpPrintNumber	no C-style casts	src/Script/scriptvars.c converts the formatted character to u8 at the CRT multibyte conversion boundary	complete body matches 100%; a separate byte local introduces a stack spill absent from retail
0x056a70	ReadBitmapFile	no explicit compiler allocation calls	src/Gfx/bitmapio.cpp calls operator new(size) and operator delete(bmp) for a variable-length BMP file image; the complete function matches retail exactly	keep exact source; replace with a typed allocation expression only if it preserves the match
0x056ae0	FreeBitmap	no explicit compiler allocation calls	src/Gfx/bitmapio.cpp calls operator delete(*bmp) before clearing the pointer; the complete function matches retail exactly	keep exact source with ReadBitmapFile allocation
0x048c30	MapSoundEffectId	unnamed domain compares	src/Platform/d3dapp.cpp retains 15 numeric comparisons in the script sound-ID translation; admitted in the board text baseline	complete body matches 100%; the mapping is proven but the sound identities are not; name domain members after identifying the sounds
0x005480	LoadShotTable	no C-style casts	src/Gfx/shot.c converts the serialized ShotFile byte view plus its typed offset to Body* directly; a void* temporary swaps the loop index and pointer registers and loses the exact match	CA0010 proves five offset-selected arrays of four Body records; the raw base reinterpretation is removed
0x035340	OpJumpUnlessCompanionHealthy	no redundant code	src/Script/scriptactor.c explicitly clears the jump result for a missing companion when invert is false, even though the result starts false	retail clears edi again on this branch and emits a second ScriptJumpUnless call site; this branch form matches the complete function exactly
0x02e8a0	WearCachedSkill	no fake locals or unused declarations	src/Script/recordcache.c writes three discarded quotients to a volatile i32 local; each write matches retail's store to the same stack slot	keep the exact 52-instruction body; recover a different source boundary only if it reproduces all three stores
