rva	unit	function	source	candidate	evidence	next_step
0x0003df70	affinity	_MoveAlignment	src/Game/affinity.c	delta = min(abs(info->value), delta);	Both operand orders compiled; REGALLOC/SCHEDULING mismatch remains.	Compare retail control-flow, narrowing and store placement before changing the clamp; retain its current body until the macro shape is supported.
0x000222c0	areamap	_ClampMapCoord	src/Game/areamap.c	value = max(0, value);	Both operand orders compiled; CFG mismatch remains.	Compare retail control-flow, narrowing and store placement before changing the clamp; retain its current body until the macro shape is supported.
0x00008b40	attack	_ComputeGunDamage	src/Game/attack.c	amount = max(0.0, amount);	Bound-first form preserves unordered comparison; REGALLOC/SCHEDULING mismatch remains.	Compare retail control-flow, narrowing and store placement before changing the clamp; retain its current body until the macro shape is supported.
0x00009050	attack	_GetGunBurstRounds	src/Game/attack.c	limit = min(rounds, limit);	Both operand orders compiled; REGALLOC/SCHEDULING mismatch remains.	Compare retail control-flow, narrowing and store placement before changing the clamp; retain its current body until the macro shape is supported.
0x000091b0	attack	_GetGunRequirementPenalty	src/Game/attack.c	requirement = max(1, requirement);	Both operand orders compiled; REGALLOC/SCHEDULING mismatch remains.	Compare retail control-flow, narrowing and store placement before changing the clamp; retain its current body until the macro shape is supported.
0x000091f0	attack	_DistributeGunRounds	src/Game/attack.c	share = max(1, share);	Both operand orders compiled; REGALLOC/SCHEDULING mismatch remains.	Compare retail control-flow, narrowing and store placement before changing the clamp; retain its current body until the macro shape is supported.
0x000091f0	attack	_DistributeGunRounds	src/Game/attack.c	share = min(remaining, share);	Both operand orders compiled; REGALLOC/SCHEDULING mismatch remains.	Compare retail control-flow, narrowing and store placement before changing the clamp; retain its current body until the macro shape is supported.
0x00009320	attack	_SpendGunRounds	src/Game/attack.c	rounds = min(GetCharacterEquipment(attacker)[7].quantity, rounds);	Both operand orders compiled; REGALLOC/SCHEDULING mismatch remains.	Compare retail control-flow, narrowing and store placement before changing the clamp; retain its current body until the macro shape is supported.
0x00042e60	statuspanel	_RunEquipScreen	src/Game/statuspanel.c	slot.quantity = max(0, slot.quantity);	Both operand orders compiled; CFG mismatch remains.	Compare retail control-flow, narrowing and store placement before changing the clamp; retain its current body until the macro shape is supported.
0x00042e60	statuspanel	_RunEquipScreen	src/Game/statuspanel.c	slot.quantity = max(1, slot.quantity);	Both operand orders compiled; CFG mismatch remains.	Compare retail control-flow, narrowing and store placement before changing the clamp; retain its current body until the macro shape is supported.
0x0000dfb0	fieldobj	_DrawFieldObject	src/Game/fieldobj.c	total = min(9, total);	Both operand orders compiled; REGALLOC/SCHEDULING mismatch remains.	Compare retail control-flow, narrowing and store placement before changing the clamp; retain its current body until the macro shape is supported.
0x0000dfb0	fieldobj	_DrawFieldObject	src/Game/fieldobj.c	drawn = min(8, drawn);	Both operand orders compiled; REGALLOC/SCHEDULING mismatch remains.	Compare retail control-flow, narrowing and store placement before changing the clamp; retain its current body until the macro shape is supported.
0x000267c0	fusion	_FindFusionFallback	src/Game/fusion.c	limit = max(2, limit);	Both operand orders compiled; REGALLOC/SCHEDULING mismatch remains.	Compare retail control-flow, narrowing and store placement before changing the clamp; retain its current body until the macro shape is supported.
0x00028be0	fusion	_RunFirstFusionPicker	src/Game/fusion.c	s_fusionColumnOffset = max(0, s_fusionColumnOffset);	Both operand orders compiled; CFG mismatch remains.	Compare retail control-flow, narrowing and store placement before changing the clamp; retain its current body until the macro shape is supported.
0x0003c810	gamestate	_ComputeActionSpeed	src/Game/gamestate.c	root = max(1.0, root);	Bound-first form preserves unordered comparison; REGALLOC/SCHEDULING mismatch remains.	Compare retail control-flow, narrowing and store placement before changing the clamp; retain its current body until the macro shape is supported.
0x0003c810	gamestate	_ComputeActionSpeed	src/Game/gamestate.c	speed = max(1, speed);	Both operand orders compiled; REGALLOC/SCHEDULING mismatch remains.	Compare retail control-flow, narrowing and store placement before changing the clamp; retain its current body until the macro shape is supported.
0x00023990	itemrecord	_GivePooledItems	src/Game/itemrecord.c	amount = max(0, amount);	Both operand orders compiled; CFG mismatch remains.	Compare retail control-flow, narrowing and store placement before changing the clamp; retain its current body until the macro shape is supported.
0x00023aa0	itemrecord	_CopyBagEntries	src/Game/itemrecord.c	count = min(64, count);	Both operand orders compiled; REGALLOC/SCHEDULING mismatch remains.	Compare retail control-flow, narrowing and store placement before changing the clamp; retain its current body until the macro shape is supported.
0x00023e10	itemrecord	_TakeFromBagEntry	src/Game/itemrecord.c	amount = min(held, amount);	Both operand orders compiled; REGALLOC/SCHEDULING mismatch remains.	Compare retail control-flow, narrowing and store placement before changing the clamp; retain its current body until the macro shape is supported.
0x00024660	itemrecord	_TakeGemItemsAt	src/Game/itemrecord.c	amount = min(GetItemStackCount(GetGemItemEntry(index)), amount);	Both operand orders compiled; REGALLOC/SCHEDULING mismatch remains.	Compare retail control-flow, narrowing and store placement before changing the clamp; retain its current body until the macro shape is supported.
0x00018aa0	levelup	_RaiseExperienceToLevel	src/Game/levelup.c	character->experience = max(floor, character->experience);	Both operand orders compiled; REGALLOC/SCHEDULING mismatch remains.	Compare retail control-flow, narrowing and store placement before changing the clamp; retain its current body until the macro shape is supported.
0x0003cec0	maxstats	_CalcMaxHp	src/Game/maxstats.c	value = min(9999.0, value);	Bound-first form preserves unordered comparison and improves CUR, but does not retain the banked exact source match; candidate divergence needs classification.	Compare retail control-flow, narrowing and store placement before changing the clamp; retain its current body until the macro shape is supported.
0x0003cf70	maxstats	_CalcMaxMp	src/Game/maxstats.c	value = min(999.0, value);	Bound-first form preserves unordered comparison; REGALLOC/SCHEDULING mismatch remains.	Compare retail control-flow, narrowing and store placement before changing the clamp; retain its current body until the macro shape is supported.
0x000404f0	party	_UnequipPart	src/Game/party.c	item.quantity = max(1, item.quantity);	Both operand orders compiled; REGALLOC/SCHEDULING mismatch remains.	Compare retail control-flow, narrowing and store placement before changing the clamp; retain its current body until the macro shape is supported.
0x00040710	party	_EquipItem	src/Game/party.c	old.quantity = max(1, old.quantity);	Both operand orders compiled; REGALLOC/SCHEDULING mismatch remains.	Compare retail control-flow, narrowing and store placement before changing the clamp; retain its current body until the macro shape is supported.
0x00009620	partypick	_RunPartyCommandInput	src/Game/partypick.c	s_pickMode = min(4, s_pickMode);	Both operand orders compiled; INLINE/CALL-SET mismatch remains.	Compare retail control-flow, narrowing and store placement before changing the clamp; retain its current body until the macro shape is supported.
0x00009620	partypick	_RunPartyCommandInput	src/Game/partypick.c	s_pickMode = max(1, s_pickMode);	Both operand orders compiled; INLINE/CALL-SET mismatch remains.	Compare retail control-flow, narrowing and store placement before changing the clamp; retain its current body until the macro shape is supported.
0x0001fdc0	restore	_ComputeRestoreAmount	src/Game/restore.c	amount = max(0.0, amount);	Bound-first form preserves unordered comparison; REGALLOC/SCHEDULING mismatch remains.	Compare retail control-flow, narrowing and store placement before changing the clamp; retain its current body until the macro shape is supported.
0x0002c800	skilluse	_CollectTargetsAtCell	src/Game/skilluse.c	hits = max(1, hits);	Both operand orders compiled; REGALLOC/SCHEDULING mismatch remains.	Compare retail control-flow, narrowing and store placement before changing the clamp; retain its current body until the macro shape is supported.
0x0002d340	skilluse	_ChangeBattleStat	src/Game/skilluse.c	next = min(limit, next);	Both operand orders compiled; REGALLOC/SCHEDULING mismatch remains.	Compare retail control-flow, narrowing and store placement before changing the clamp; retain its current body until the macro shape is supported.
0x0002d340	skilluse	_ChangeBattleStat	src/Game/skilluse.c	next = min(*value * 2, next);	Both operand orders compiled; REGALLOC/SCHEDULING mismatch remains.	Compare retail control-flow, narrowing and store placement before changing the clamp; retain its current body until the macro shape is supported.
0x00041ad0	statuspanel	_DrawStatusExperience	src/Game/statuspanel.c	remaining = max(0, remaining);	Both operand orders compiled; CFG mismatch remains.	Compare retail control-flow, narrowing and store placement before changing the clamp; retain its current body until the macro shape is supported.
0x00042090	statuspanel	_DrawStatusScreen	src/Game/statuspanel.c	g_statusMember = max(0, g_statusMember);	Both operand orders compiled; CFG mismatch remains.	Compare retail control-flow, narrowing and store placement before changing the clamp; retain its current body until the macro shape is supported.
0x0000a270	weaponattack	_ComputeWeaponDamage	src/Game/weaponattack.c	amount = max(0.0, amount);	Bound-first form preserves unordered comparison; REGALLOC/SCHEDULING mismatch remains.	Compare retail control-flow, narrowing and store placement before changing the clamp; retain its current body until the macro shape is supported.
0x00011300	worldencounter	_GetWorldEncounterMaximum	src/Game/worldencounter.c	maximum = min(16, maximum);	Both operand orders compiled; REGALLOC/SCHEDULING mismatch remains.	Compare retail control-flow, narrowing and store placement before changing the clamp; retain its current body until the macro shape is supported.
0x00011330	worldencounter	_GetPartyEncounterSizeBonus	src/Game/worldencounter.c	total = max(1, total);	Both operand orders compiled; REGALLOC/SCHEDULING mismatch remains.	Compare retail control-flow, narrowing and store placement before changing the clamp; retain its current body until the macro shape is supported.
0x00058500	automap	_ScreenToAutomapCell	src/Gfx/automap.c	*x = max(0, *x);	Both operand orders compiled; CFG mismatch remains.	Compare retail control-flow, narrowing and store placement before changing the clamp; retain its current body until the macro shape is supported.
0x00058500	automap	_ScreenToAutomapCell	src/Gfx/automap.c	*y = max(0, *y);	Both operand orders compiled; CFG mismatch remains.	Compare retail control-flow, narrowing and store placement before changing the clamp; retain its current body until the macro shape is supported.
0x000589e0	effectdraw	_DrawProjectedEffectSprite	src/Gfx/effectdraw.cpp	left = max(0, left);	Both operand orders compiled; CFG mismatch remains.	Compare retail control-flow, narrowing and store placement before changing the clamp; retain its current body until the macro shape is supported.
0x000589e0	effectdraw	_DrawProjectedEffectSprite	src/Gfx/effectdraw.cpp	right = min(639, right);	Both operand orders compiled; CFG mismatch remains.	Compare retail control-flow, narrowing and store placement before changing the clamp; retain its current body until the macro shape is supported.
0x000589e0	effectdraw	_DrawProjectedEffectSprite	src/Gfx/effectdraw.cpp	top = max(0, top);	Both operand orders compiled; CFG mismatch remains.	Compare retail control-flow, narrowing and store placement before changing the clamp; retain its current body until the macro shape is supported.
0x000589e0	effectdraw	_DrawProjectedEffectSprite	src/Gfx/effectdraw.cpp	bottom = min(327, bottom);	Both operand orders compiled; CFG mismatch remains.	Compare retail control-flow, narrowing and store placement before changing the clamp; retain its current body until the macro shape is supported.
0x00005060	motion	_ProjectEffectFrame	src/Gfx/motion.c	frame = max(0, frame);	Both operand orders compiled; CFG mismatch remains.	Compare retail control-flow, narrowing and store placement before changing the clamp; retain its current body until the macro shape is supported.
0x000498d0	winmain	?DrawMouseCursor@@YAXXZ	src/Platform/winmain.cpp	position.x = max(0, position.x);	Both operand orders compiled; CFG mismatch remains.	Compare retail control-flow, narrowing and store placement before changing the clamp; retain its current body until the macro shape is supported.
0x000498d0	winmain	?DrawMouseCursor@@YAXXZ	src/Platform/winmain.cpp	position.y = max(0, position.y);	Both operand orders compiled; CFG mismatch remains.	Compare retail control-flow, narrowing and store placement before changing the clamp; retain its current body until the macro shape is supported.
0x0002e1e0	recordcache	_HighestAffiliatedSkillLevel	src/Script/recordcache.c	best = max(level, best);	Both operand orders compiled; REGALLOC/SCHEDULING mismatch remains.	Compare retail control-flow, narrowing and store placement before changing the clamp; retain its current body until the macro shape is supported.
0x00033a80	scriptflow	_OpClampLongVar	src/Script/scriptflow.c	s_longAcc = max(s_longOperand, s_longAcc);	Both operand orders compiled; REGALLOC/SCHEDULING mismatch remains.	Compare retail control-flow, narrowing and store placement before changing the clamp; retain its current body until the macro shape is supported.
0x00033a80	scriptflow	_OpClampLongVar	src/Script/scriptflow.c	s_longAcc = min(s_longOperand, s_longAcc);	Both operand orders compiled; REGALLOC/SCHEDULING mismatch remains.	Compare retail control-flow, narrowing and store placement before changing the clamp; retain its current body until the macro shape is supported.
0x0003a750	scriptvars	_OpBeginChoices	src/Script/scriptvars.c	s_choiceColumns = max(1, s_choiceColumns);	Both operand orders compiled; REGALLOC/SCHEDULING mismatch remains.	Compare retail control-flow, narrowing and store placement before changing the clamp; retain its current body until the macro shape is supported.
0x00053010	font	_GetTextPlanePageLines	src/Text/font.cpp	lines = max(1, lines);	Both operand orders compiled; REGALLOC/SCHEDULING mismatch remains.	Compare retail control-flow, narrowing and store placement before changing the clamp; retain its current body until the macro shape is supported.
0x00053140	font	_MoveTextPlaneCursorToPrevLine	src/Text/font.cpp	y = max(0, y);	Both operand orders compiled; CFG mismatch remains.	Compare retail control-flow, narrowing and store placement before changing the clamp; retain its current body until the macro shape is supported.
0x00053830	font	_TextPlaneCellAt	src/Text/font.cpp	i = min(*col, i);	Both operand orders compiled; REGALLOC/SCHEDULING mismatch remains.	Compare retail control-flow, narrowing and store placement before changing the clamp; retain its current body until the macro shape is supported.
0x00053bf0	font	_AdvanceWindowLine	src/Text/font.cpp	x = min(indent, x);	Both operand orders compiled; REGALLOC/SCHEDULING mismatch remains.	Compare retail control-flow, narrowing and store placement before changing the clamp; retain its current body until the macro shape is supported.
0x00053bf0	font	_AdvanceWindowLine	src/Text/font.cpp	y = min(p->rows, y);	Both operand orders compiled; REGALLOC/SCHEDULING mismatch remains.	Compare retail control-flow, narrowing and store placement before changing the clamp; retain its current body until the macro shape is supported.
0x000209e0	menubox	_HandleMenuControl	src/Ui/menubox.c	menu->cursor = max(0, menu->cursor);	Both operand orders compiled; CFG mismatch remains.	Compare retail control-flow, narrowing and store placement before changing the clamp; retain its current body until the macro shape is supported.
0x000209e0	menubox	_HandleMenuControl	src/Ui/menubox.c	menu->cursor = max(0, menu->cursor);	Both operand orders compiled; CFG mismatch remains.	Compare retail control-flow, narrowing and store placement before changing the clamp; retain its current body until the macro shape is supported.
